{
    "AMS1_1_1": {
        "averageSlope": 1.5566398083623692e-13,
        "stdDev": 6.945384452289535e-15
    },
    "AMS1_1_1_UV": {
        "averageSlope": 1.2615679442508713e-13,
        "stdDev": 2.567423772063946e-14
    },
    "AMS1_1_1_UV_5m": {
        "averageSlope": 9.164721254355402e-14,
        "stdDev": 1.4769773532264133e-14
    },
    "AMS1_1_1_UV_60min_220\u00b0C_10min": {
        "averageSlope": 3.5657590156794426e-05,
        "stdDev": 9.441889876984198e-06
    },
    "AMS1_1_1_UV_60min_220\u00b0C_5min": {
        "averageSlope": 2.8893406968641115e-05,
        "stdDev": 7.868394918821393e-06
    },
    "AMS2_1_1": {
        "averageSlope": 1.4264416376306621e-13,
        "stdDev": 5.4184663722441495e-14
    },
    "AMS2_1_1_UV_5m": {
        "averageSlope": 1.0797096399535424e-13,
        "stdDev": 1.798440583045336e-14
    },
    "AMS2_1_1_UV_60min": {
        "averageSlope": 1.4353963414634146e-13,
        "stdDev": 1.5088335139670823e-14
    },
    "AMS2_1_1_UV_60min_220\u00b0C_10min": {
        "averageSlope": 0.0001252777680313589,
        "stdDev": 6.620168133512277e-05
    },
    "AMS2_1_1_UV_60min_220\u00b0C_5min": {
        "averageSlope": 0.00011438927883275263,
        "stdDev": 5.9621497924071864e-05
    },
    "AMS3_1_1": {
        "averageSlope": 2.0593096689895471e-13,
        "stdDev": 3.899994067826795e-14
    },
    "AMS3_1_1_UV_5min": {
        "averageSlope": 1.7853179442508707e-13,
        "stdDev": 4.7094641786733564e-14
    },
    "AMS3_1_1_UV_60min": {
        "averageSlope": 0.00048101405574912904,
        "stdDev": 8.467911004197719e-05
    },
    "AMS3_1_1_UV_60min_220\u00b0C_10min": {
        "averageSlope": 7.998693379790939e-14,
        "stdDev": 2.7690970968209728e-14
    },
    "AMS3_1_1_UV_60min_220\u00b0C_5min": {
        "averageSlope": 0.0008606990988675959,
        "stdDev": 1.6601126765308177e-05
    },
    "AMS4_1_1": {
        "averageSlope": 1.303835524231866e-13,
        "stdDev": 2.2443175542358056e-14
    },
    "AMS4_1_1_UV_5min": {
        "averageSlope": 2.597269163763065e-13,
        "stdDev": 1.8729070796941805e-13
    },
    "AMS4_1_1_UV_60min": {
        "averageSlope": 1.0400452961672473e-13,
        "stdDev": 1.5388496144682884e-14
    },
    "AMS4_1_1_UV_60min_220\u00b0C_10min": {
        "averageSlope": 1.1637804878048777e-13,
        "stdDev": 2.0821115912424762e-14
    },
    "AMS4_1_1_UV_60min_220\u00b0C_5min": {
        "averageSlope": 6.638283972125434e-14,
        "stdDev": 8.99656982606551e-14
    },
    "AMS5_1_1": {
        "averageSlope": 2.0184364111498262e-13,
        "stdDev": 1.6467512204853133e-14
    },
    "AMS5_1_1_UV_5min": {
        "averageSlope": 1.1114155052264807e-13,
        "stdDev": 2.087944055701529e-14
    },
    "AMS5_1_1_UV_60min": {
        "averageSlope": 1.1383231707317074e-13,
        "stdDev": 2.2110836062815483e-14
    },
    "AMS5_1_1_UV_60min_220\u00b0C_10min": {
        "averageSlope": 0.0005512717976021316,
        "stdDev": 0.0005512721670530982
    },
    "AMS5_1_1_UV_60min_220\u00b0C_5min": {
        "averageSlope": 0.0008911952896341463,
        "stdDev": 8.552052203315162e-05
    }
}